{
	"partitions" : [
		{
			"name" : "Top",
			"pins" : [
				{
					"name" : "seriout_port",
					"strict" : false
				},
				{
					"name" : "output_port[7]",
					"strict" : false
				},
				{
					"name" : "output_port[6]",
					"strict" : false
				},
				{
					"name" : "output_port[5]",
					"strict" : false
				},
				{
					"name" : "output_port[4]",
					"strict" : false
				},
				{
					"name" : "output_port[3]",
					"strict" : false
				},
				{
					"name" : "output_port[2]",
					"strict" : false
				},
				{
					"name" : "output_port[1]",
					"strict" : false
				},
				{
					"name" : "output_port[0]",
					"strict" : false
				},
				{
					"name" : "input_port[7]",
					"strict" : false
				},
				{
					"name" : "input_port[0]",
					"strict" : false
				},
				{
					"name" : "input_port[2]",
					"strict" : false
				},
				{
					"name" : "input_port[1]",
					"strict" : false
				},
				{
					"name" : "input_port[5]",
					"strict" : false
				},
				{
					"name" : "input_port[4]",
					"strict" : false
				},
				{
					"name" : "input_port[3]",
					"strict" : false
				},
				{
					"name" : "input_port[6]",
					"strict" : false
				},
				{
					"name" : "onoff",
					"strict" : false
				}
			]
		}
	]
}