{
	"partitions" : [
		{
			"name" : "Top",
			"pins" : [
				{
					"name" : "Q",
					"strict" : false
				},
				{
					"name" : "Counter[0]",
					"strict" : false
				},
				{
					"name" : "Counter[3]",
					"strict" : false
				},
				{
					"name" : "Counter[1]",
					"strict" : false
				},
				{
					"name" : "Counter[2]",
					"strict" : false
				},
				{
					"name" : "D[7]",
					"strict" : false
				},
				{
					"name" : "D[0]",
					"strict" : false
				},
				{
					"name" : "D[2]",
					"strict" : false
				},
				{
					"name" : "D[1]",
					"strict" : false
				},
				{
					"name" : "D[5]",
					"strict" : false
				},
				{
					"name" : "D[4]",
					"strict" : false
				},
				{
					"name" : "D[3]",
					"strict" : false
				},
				{
					"name" : "D[6]",
					"strict" : false
				}
			]
		}
	]
}