{
	"partitions" : [
		{
			"name" : "Top",
			"pins" : [
				{
					"name" : "M[0]",
					"strict" : false
				},
				{
					"name" : "M[1]",
					"strict" : false
				},
				{
					"name" : "M[2]",
					"strict" : false
				},
				{
					"name" : "M[3]",
					"strict" : false
				},
				{
					"name" : "Y[0]",
					"strict" : false
				},
				{
					"name" : "X[0]",
					"strict" : false
				},
				{
					"name" : "s",
					"strict" : false
				},
				{
					"name" : "Y[1]",
					"strict" : false
				},
				{
					"name" : "X[1]",
					"strict" : false
				},
				{
					"name" : "Y[2]",
					"strict" : false
				},
				{
					"name" : "X[2]",
					"strict" : false
				},
				{
					"name" : "Y[3]",
					"strict" : false
				},
				{
					"name" : "X[3]",
					"strict" : false
				}
			]
		}
	]
}