{
	"partitions" : [
		{
			"name" : "Top",
			"pins" : [
				{
					"name" : "LEDRout[0]",
					"strict" : false
				},
				{
					"name" : "LEDRout[1]",
					"strict" : false
				},
				{
					"name" : "LEDRin[0]",
					"strict" : false
				},
				{
					"name" : "LEDRin[1]",
					"strict" : false
				},
				{
					"name" : "LEDRin[2]",
					"strict" : false
				},
				{
					"name" : "LEDRin[3]",
					"strict" : false
				},
				{
					"name" : "LEDRin[4]",
					"strict" : false
				},
				{
					"name" : "LEDRin[5]",
					"strict" : false
				},
				{
					"name" : "LEDRin[6]",
					"strict" : false
				},
				{
					"name" : "LEDRin[7]",
					"strict" : false
				},
				{
					"name" : "u[0]",
					"strict" : false
				},
				{
					"name" : "w[0]",
					"strict" : false
				},
				{
					"name" : "c1",
					"strict" : false
				},
				{
					"name" : "v[0]",
					"strict" : false
				},
				{
					"name" : "x[0]",
					"strict" : false
				},
				{
					"name" : "c0",
					"strict" : false
				},
				{
					"name" : "w[1]",
					"strict" : false
				},
				{
					"name" : "x[1]",
					"strict" : false
				},
				{
					"name" : "u[1]",
					"strict" : false
				},
				{
					"name" : "v[1]",
					"strict" : false
				}
			]
		}
	]
}