{
	"partitions" : [
		{
			"name" : "Top",
			"pins" : [
				{
					"name" : "ledr[0]",
					"strict" : false
				},
				{
					"name" : "ledr[1]",
					"strict" : false
				},
				{
					"name" : "ledr[2]",
					"strict" : false
				},
				{
					"name" : "ledr[3]",
					"strict" : false
				},
				{
					"name" : "sw7[0]",
					"strict" : false
				},
				{
					"name" : "sw3[0]",
					"strict" : false
				},
				{
					"name" : "sw9",
					"strict" : false
				},
				{
					"name" : "sw7[1]",
					"strict" : false
				},
				{
					"name" : "sw3[1]",
					"strict" : false
				},
				{
					"name" : "sw7[2]",
					"strict" : false
				},
				{
					"name" : "sw3[2]",
					"strict" : false
				},
				{
					"name" : "sw7[3]",
					"strict" : false
				},
				{
					"name" : "sw3[3]",
					"strict" : false
				}
			]
		}
	]
}