{
	"partitions" : [
		{
			"name" : "Top",
			"pins" : [
				{
					"name" : "Q[0]",
					"strict" : false
				},
				{
					"name" : "Q[1]",
					"strict" : false
				},
				{
					"name" : "Q[2]",
					"strict" : false
				},
				{
					"name" : "Q[3]",
					"strict" : false
				},
				{
					"name" : "Q[4]",
					"strict" : false
				},
				{
					"name" : "Q[5]",
					"strict" : false
				},
				{
					"name" : "Q[6]",
					"strict" : false
				},
				{
					"name" : "Q[7]",
					"strict" : false
				},
				{
					"name" : "Counter[0]",
					"strict" : false
				},
				{
					"name" : "Counter[3]",
					"strict" : false
				},
				{
					"name" : "Counter[1]",
					"strict" : false
				},
				{
					"name" : "Counter[2]",
					"strict" : false
				},
				{
					"name" : "D",
					"strict" : false
				}
			]
		}
	]
}